epoch,grad/last_mlp,grad/lm_head,grad/q_head,grad/total_norm,step,train/accuracy,train/early_halt_rate,train/exact_accuracy,train/lm_loss,train/lr,train/q_halt_accuracy,train/q_halt_loss,train/steps,val/accuracy,val/exact_accuracy,val/lm_loss,val/loss,val/q_halt_accuracy,val/q_halt_loss,val/steps
4299,,,,,4299,1.0,1.0,1.0,0.7547346574279074,9.998933091992512e-05,1.0,0.001225993037223816,1.0,,,,,,,
4299,,,,,4304,,,,,,,,,0.6930269002914429,0.10014204680919647,0.6978926658630371,0.7098201513290405,0.9955018758773804,0.023854583501815796,16.0
4306,0.2866660952568054,0.04219948872923851,0.12712134420871735,0.8858010768890381,4349,0.7530864477157593,0.0,0.0,0.7890244223956923,9.99888579826802e-05,1.0,0.09923243522644043,16.0,,,,,,,
4313,0.11469623446464539,0.024285513907670975,0.006006171461194754,0.4299682378768921,4399,0.7777777910232544,0.0,0.0,0.7890772110297772,9.998838504543528e-05,1.0,0.00036435574293136597,16.0,,,,,,,
4320,0.24999688565731049,0.040890172123909,0.03535817191004753,0.8391484618186951,4449,0.694444477558136,0.0,0.0,0.7617429059316378,9.998789028031752e-05,1.0,1.95428729057312e-05,16.0,,,,,,,
4327,0.1564956158399582,0.028555244207382202,0.012819161638617516,0.5467820167541504,4499,0.6748971343040466,0.0,0.0,0.7348896460460534,9.998739551519975e-05,1.0,0.00022380053997039795,16.0,,,,,,,
4334,0.168367400765419,0.02273913100361824,0.0351780541241169,0.5529667735099792,4549,1.0,1.0,1.0,0.659626906578056,9.998688619816676e-05,1.0,0.03012985736131668,13.0,,,,,,,
4342,0.11237934231758118,0.013587717898190022,0.0605958066880703,0.43958932161331177,4599,0.8611111640930176,1.0,0.5,0.7007127285715922,9.998636232921854e-05,1.0,0.020824801176786423,14.0,,,,,,,
4349,0.14426523447036743,0.015206017531454563,0.07451504468917847,0.4907259941101074,4649,0.7556855082511902,1.0,0.10526315867900848,0.6803273917035222,9.998583846027032e-05,0.9473684430122375,0.046924300491809845,15.947368621826172,,,,,,,
4356,0.15229004621505737,0.01463899202644825,0.06666155904531479,0.5192581415176392,4699,0.7906846404075623,1.0,0.09090909361839294,0.7241731118873744,9.998530003940687e-05,0.9545454382896423,0.04364870861172676,15.318181991577148,,,,,,,
4363,0.2724432647228241,0.019697394222021103,0.12266916036605835,0.8986004590988159,4749,0.7333333492279053,1.0,0.10000000149011612,0.7661473393879056,9.998474706662819e-05,1.0,0.03607916831970215,14.5,,,,,,,
4370,0.1345183551311493,0.018982669338583946,0.06275103241205215,0.4775928854942322,4799,0.7345678806304932,0.0,0.0,0.7772209256388825,9.99841868178919e-05,1.0,0.0009498223662376404,16.0,,,,,,,
4377,0.3133246600627899,0.032078128308057785,0.09243535250425339,1.0351190567016602,4849,0.7201645970344543,0.0,0.0,0.7426829115363468,9.998361929319799e-05,1.0,0.029670504853129387,16.0,,,,,,,
4384,0.13820780813694,0.025452706962823868,0.0026204832829535007,0.4871525168418884,4899,0.7530864477157593,1.0,0.0,0.7185512650844688,9.998303721658885e-05,0.75,0.04504859447479248,12.25,,,,,,,
4392,0.25408750772476196,0.015292520634829998,0.15134082734584808,1.0490368604660034,4949,0.8230452537536621,0.0,0.3333333432674408,0.7098918574946744,9.99824478640221e-05,0.6666666865348816,0.04837760329246521,16.0,,,,,,,
4399,0.08149272948503494,0.014202206395566463,0.002888134215027094,0.3155745565891266,4999,0.7442680597305298,0.0,0.0,0.6964628468232675,9.998185123549774e-05,1.0,0.0003750734031200409,16.0,,,,,,,
4399,,,,,5004,,,,,,,,,0.6914339661598206,0.049242425709962845,0.7030837535858154,0.7181743383407593,0.9912405014038086,0.030181456357240677,16.0
4406,0.11372849345207214,0.013535477221012115,0.1106971874833107,0.42920982837677,5049,0.7418630719184875,0.0,0.09090909361839294,0.7143899910739435,9.998124005505815e-05,0.9090909361839294,0.04040073975920677,16.0,,,,,,,
4413,0.137372225522995,0.0183092188090086,0.0679260790348053,0.5569741725921631,5099,0.758698046207428,0.0,0.09090909361839294,0.7247238810565307,9.998061432270333e-05,0.9090909361839294,0.03233799338340759,16.0,,,,,,,
4420,0.14684483408927917,0.01560060866177082,0.053971581161022186,0.5452448129653931,5149,0.6913580894470215,0.0,0.0,0.7653675400230741,9.997998859034851e-05,1.0,0.0008124727755784988,16.0,,,,,,,
4427,0.13319922983646393,0.015896650031208992,0.058897461742162704,0.4879356026649475,5199,0.7746913433074951,1.0,0.25,0.7962110133770277,9.997934830607846e-05,0.75,0.038397908210754395,11.125,,,,,,,
4434,0.12793396413326263,0.01666071265935898,0.03528765216469765,0.46234750747680664,5249,0.7818930149078369,1.0,0.1666666716337204,0.7273736839598912,9.997869346989319e-05,1.0,0.0013868509558960795,15.5,,,,,,,
4442,0.09301019459962845,0.011789822950959206,0.05426682159304619,0.3658636808395386,5299,0.7728395462036133,1.0,0.0,0.7343938948937411,9.997803863370791e-05,0.800000011920929,0.007524930872023106,13.600000381469727,,,,,,,
4449,0.10972840338945389,0.015512784011662006,0.046537164598703384,0.4370129704475403,5349,0.6743826866149902,0.0,0.0,0.7217078252974114,9.997736196964979e-05,1.0,0.00261307368054986,16.0,,,,,,,
4456,0.09081918746232986,0.015151170082390308,0.0001254631788469851,0.360005646944046,5399,0.6765432357788086,0.0,0.0,0.670703767876687,9.997668530559167e-05,1.0,0.0752616673707962,16.0,,,,,,,
4463,0.1831948161125183,0.015646792948246002,0.13538099825382233,0.6526728868484497,5449,0.7021604776382446,1.0,0.125,0.7414526666809824,9.997599408961833e-05,1.0,0.016656115651130676,14.5,,,,,,,
4470,0.07312548905611038,0.014960193075239658,0.003740426618605852,0.3084697425365448,5499,0.7160493731498718,1.0,0.06666667014360428,0.7385398236012752,9.997529559768736e-05,1.0,0.008724704384803772,15.866666793823242,,,,,,,
4477,0.5587866306304932,0.04122309759259224,0.18359217047691345,1.9923113584518433,5549,0.7091906666755676,1.0,0.1111111119389534,0.7300428887697455,9.997458255384117e-05,1.0,0.01050529070198536,14.333333015441895,,,,,,,
4484,0.17940908670425415,0.01931525580585003,0.08070344477891922,0.6785416603088379,5599,0.7308642268180847,0.0,0.0,0.7128207055457019,9.997386223403737e-05,1.0,0.03930778428912163,16.0,,,,,,,
4492,0.06618611514568329,0.014379027299582958,0.0004659737169276923,0.31343182921409607,5649,0.6740740537643433,0.0,0.0,0.750474318930415,9.997312736231834e-05,1.0,8.337944746017456e-05,16.0,,,,,,,
4499,0.34221282601356506,0.016122760251164436,0.2514965534210205,1.269059419631958,5699,0.8306878805160522,1.0,0.5714285969734192,0.7324522421111578,9.99723924905993e-05,1.0,0.09226144850254059,11.714285850524902,,,,,,,
4499,,,,,5704,,,,,,,,,0.6949646472930908,0.07859848439693451,0.6948100924491882,0.7099751830101013,0.9943181872367859,0.03033040091395378,16.0
4506,0.09023483097553253,0.014403663575649261,0.03426491469144821,0.3722473978996277,5749,0.7613168358802795,1.0,0.1666666716337204,0.724750582178553,9.997163579100743e-05,1.0,0.0007215288351289928,13.666666984558105,,,,,,,
4513,0.06319740414619446,0.012589110992848873,0.003288294654339552,0.30252790451049805,5799,0.7376543283462524,0.0,0.125,0.6932885534381443,9.997087909141555e-05,0.875,0.021017923951148987,16.0,,,,,,,
4520,0.07117722183465958,0.012489584274590015,0.0008757069590501487,0.3134700059890747,5849,0.7057612538337708,0.0,0.0,0.7061250548202725,9.997010783990845e-05,1.0,0.12561827898025513,16.0,,,,,,,
4527,0.16376808285713196,0.012042206712067127,0.05687129497528076,0.5806425213813782,5899,0.7538126111030579,1.0,0.23529411852359772,0.7228035933185581,9.996932203648612e-05,1.0,0.0049117561429739,12.764705657958984,,,,,,,
4534,0.1465127170085907,0.013026024214923382,0.08374980092048645,0.5339040756225586,5949,0.6213992238044739,0.0,0.0,0.727169013321417,9.996852895710617e-05,1.0,0.04040569067001343,16.0,,,,,,,
4542,0.11829256266355515,0.01357550173997879,0.10196826606988907,0.43585631251335144,5999,0.6962963342666626,1.0,0.0,0.7276447910564148,9.996772860176861e-05,0.800000011920929,0.0231902077794075,13.0,,,,,,,
4549,0.23867590725421906,0.013923698104918003,0.15043720602989197,0.8460680246353149,6049,0.8061728477478027,1.0,0.20000000298023224,0.7048022737479648,9.996692097047344e-05,1.0,0.04091557860374451,15.300000190734863,,,,,,,
4556,0.09469897300004959,0.012714103795588017,0.10078458487987518,0.3735502362251282,6099,0.7736625671386719,0.0,0.0,0.7243787256846091,9.996609878726304e-05,1.0,0.0038975924253463745,16.0,,,,,,,
4563,0.12657441198825836,0.012767993845045567,0.07662935554981232,0.5226412415504456,6149,0.7932098507881165,1.0,0.1666666716337204,0.7248976588261847,9.99652620521374e-05,1.0,0.006967494729906321,14.75,,,,,,,
4570,0.164527028799057,0.01443463284522295,0.10719000548124313,0.7467670440673828,6199,0.7168723940849304,1.0,0.06666667014360428,0.7285885734279406,9.996442531701177e-05,1.0,0.0022533792071044445,15.133333206176758,,,,,,,
4577,0.07229796051979065,0.012836979702115059,0.025256022810935974,0.32884126901626587,6249,0.6805555820465088,0.0,0.0,0.7461053918846797,9.996357402997091e-05,1.0,0.00017717108130455017,16.0,,,,,,,
4584,0.23343658447265625,0.03682626783847809,0.0649871677160263,0.8599268794059753,6299,0.8312757015228271,1.0,0.3333333432674408,0.7395415767815781,9.996270819101483e-05,1.0,0.00236754072830081,14.666666984558105,,,,,,,
4592,0.07995158433914185,0.011591336689889431,0.033364612609148026,0.34954434633255005,6349,0.6872428059577942,0.0,0.0,0.7320701200183193,9.996183507610112e-05,1.0,0.004372512921690941,16.0,,,,,,,
4599,0.17149947583675385,0.012612393125891685,0.07688286900520325,0.6893014907836914,6399,0.7388414144515991,1.0,0.07692307978868484,0.7288785639941238,9.996095468522981e-05,1.0,0.007317590061575174,15.84615421295166,,,,,,,
4599,,,,,6404,,,,,,,,,0.6997726559638977,0.11363636702299118,0.6834044456481934,0.7076183557510376,0.9924242496490479,0.04842770844697952,16.0
4606,0.07575903087854385,0.014501936733722687,0.0032208117190748453,0.3479643166065216,6449,0.7057612538337708,0.0,0.0,0.7274117173800924,9.996005974244326e-05,1.0,0.0005378387868404388,16.0,,,,,,,
4613,0.10110694915056229,0.013259338214993477,0.0605127289891243,0.43588629364967346,6499,0.8447971940040588,1.0,0.4285714328289032,0.7184652799632865,9.99591575236991e-05,1.0,0.010688694193959236,14.428571701049805,,,,,,,
4620,0.10933860391378403,0.013093113899230957,0.053060438483953476,0.4399522840976715,6549,0.7023319602012634,0.0,0.0,0.7087539076081578,9.995824802899733e-05,1.0,0.004343463107943535,16.0,,,,,,,
4627,0.09356134384870529,0.01322225946933031,0.03833799809217453,0.42363548278808594,6599,0.7354497313499451,1.0,0.1428571492433548,0.7352608276257164,9.995732398238033e-05,1.0,0.016750812530517578,15.571428298950195,,,,,,,
4634,0.13481196761131287,0.017124846577644348,0.015308315865695477,0.5400052070617676,6649,0.790123462677002,0.0,0.0,0.7472368651155601,9.995639265980572e-05,0.5,0.02489219792187214,16.0,,,,,,,
4642,0.09191343188285828,0.014221680350601673,0.03351005166769028,0.39700525999069214,6699,0.7248677611351013,1.0,0.1428571492433548,0.7396318167303564,9.995544678531587e-05,1.0,0.004983916878700256,15.571428298950195,,,,,,,
4649,0.09011439234018326,0.011734602972865105,0.027171149849891663,0.3845294713973999,6749,0.7052469253540039,0.0,0.0,0.7306649115470376,9.995450091082603e-05,1.0,0.00046007707715034485,16.0,,,,,,,
4656,0.08089404553174973,0.01279801968485117,0.028702182695269585,0.3711361587047577,6799,0.7664608955383301,1.0,0.25,0.7269258196570376,9.995353320846334e-05,0.9166666865348816,0.01487639732658863,14.5,,,,,,,
4663,0.2180827260017395,0.013350841589272022,0.10100097954273224,0.8986949324607849,6849,0.7629629373550415,1.0,0.10000000149011612,0.732933675243729,9.995255823014304e-05,1.0,0.01785825937986374,14.699999809265137,,,,,,,
4670,0.12624530494213104,0.01186746172606945,0.0739801675081253,0.5542497634887695,6899,0.7138047218322754,1.0,0.09090909361839294,0.7422223000663392,9.995157597586513e-05,1.0,0.01444585807621479,14.636363983154297,,,,,,,
4677,0.0860186517238617,0.012016705237329006,0.02249939553439617,0.3931267559528351,6949,0.7603485584259033,1.0,0.1764705926179886,0.7085509462053512,9.99505864456296e-05,1.0,0.002689005807042122,14.470588684082031,,,,,,,
4684,0.12777651846408844,0.015815353021025658,0.06623329967260361,0.5707861185073853,6999,0.8518518805503845,1.0,0.5,0.7611915829584173,9.994958236347884e-05,1.0,0.0011918836971744895,10.0,,,,,,,
4692,0.06693094968795776,0.011447155848145485,0.0016195086063817143,0.32583197951316833,7049,0.6172839999198914,0.0,0.0,0.7384245029033655,9.994857100537047e-05,1.0,0.00023682042956352234,16.0,,,,,,,
4699,0.09009921550750732,0.012202505022287369,0.025355516001582146,0.3733532428741455,7099,0.7860081791877747,1.0,0.3333333432674408,0.7434174402454381,9.994754509534687e-05,1.0,0.0015735673950985074,11.0,,,,,,,
4699,,,,,7104,,,,,,,,,0.7036012411117554,0.14038825035095215,0.6760497689247131,0.702171266078949,0.9924242496490479,0.052243027836084366,16.0
4706,0.14944422245025635,0.01237743254750967,0.09295295923948288,0.5951852798461914,7149,0.817663848400116,1.0,0.23076923191547394,0.7164906126043984,9.994651190936565e-05,1.0,0.01763802394270897,14.84615421295166,,,,,,,
4713,0.2914826273918152,0.021171608939766884,0.062337443232536316,1.0871175527572632,7199,0.8038408756256104,1.0,0.2222222238779068,0.7118546942153352,9.994547144742683e-05,1.0,0.004112991038709879,14.44444465637207,,,,,,,
4720,0.06661909073591232,0.011582929641008377,0.0028247146401554346,0.3188894987106323,7249,0.7790123224258423,1.0,0.30000001192092896,0.750201778209995,9.994441643357277e-05,1.0,0.012866396456956863,12.800000190734863,,,,,,,
4727,0.14226286113262177,0.017829807475209236,0.08597157150506973,0.6048619151115417,7299,0.6684303879737854,0.0,0.0,0.7332360295036222,9.99433541437611e-05,1.0,0.0007960349321365356,16.0,,,,,,,
4734,0.3319336473941803,0.015311645343899727,0.13549290597438812,1.3075592517852783,7349,0.8580246567726135,1.0,0.5,0.7173072961773053,9.99422773020342e-05,1.0,0.011954880319535732,12.833333015441895,,,,,,,
4742,0.1657591015100479,0.016767874360084534,0.07049794495105743,0.6827183961868286,7399,0.7654321193695068,1.0,0.23076923191547394,0.7450947646625576,9.994119318434969e-05,0.9230769276618958,0.01880737394094467,14.461538314819336,,,,,,,
4749,0.12000977993011475,0.010711736977100372,0.06276194006204605,0.5077667236328125,7449,0.7878788113594055,1.0,0.3636363744735718,0.7147029067294611,9.994010179070756e-05,1.0,0.03896467387676239,11.909090995788574,,,,,,,
4756,0.15776075422763824,0.01351235806941986,0.053093310445547104,0.6169271469116211,7499,0.7037036418914795,0.0,0.0,0.761404728353718,9.99389958451502e-05,1.0,0.0026220548897981644,16.0,,,,,,,
4763,0.07476504147052765,0.011365250684320927,0.008856500498950481,0.3471512794494629,7549,0.6927297115325928,0.0,0.0,0.7351252281855916,9.993788262363523e-05,1.0,0.00023915618658065796,16.0,,,,,,,
4770,0.07041128724813461,0.012413728050887585,0.0021972465328872204,0.3282913267612457,7599,0.714677631855011,1.0,0.1111111119389534,0.7350681673693238,9.993676212616265e-05,1.0,0.00042717589531093836,14.55555534362793,,,,,,,
4777,0.12171506881713867,0.013838149607181549,0.04391961172223091,0.5279961824417114,7649,0.6419752836227417,1.0,0.0,0.7395108202698785,9.993562707677484e-05,0.800000011920929,0.009267776273190975,14.600000381469727,,,,,,,
4784,0.09255664050579071,0.010314357466995716,0.03149130195379257,0.3995833992958069,7699,0.7345678806304932,1.0,0.125,0.7511902266605242,9.99344774754718e-05,1.0,0.010231778025627136,15.75,,,,,,,
4792,0.23365962505340576,0.011826155707240105,0.08534371852874756,0.9663811922073364,7749,0.7654320597648621,0.0,0.0,0.7423723684727312,9.993332787416875e-05,1.0,0.028076648712158203,16.0,,,,,,,
4799,0.05894619598984718,0.012706209905445576,0.004701863508671522,0.3022964596748352,7799,0.782267153263092,1.0,0.3636363744735718,0.7095031931662572,9.993216372095048e-05,1.0,0.016387851908802986,11.818181991577148,,,,,,,
4799,,,,,7804,,,,,,,,,0.7077195644378662,0.16785037517547607,0.6680274605751038,0.6840217113494873,0.9931344985961914,0.03198828175663948,16.0
4806,0.27463576197624207,0.012848190031945705,0.09149689227342606,1.1438978910446167,7849,0.9228395223617554,1.0,0.75,0.7153890329272137,9.993098501581699e-05,1.0,0.010816243477165699,11.0,,,,,,,
4813,0.08985467255115509,0.014528165571391582,0.01732812449336052,0.42595914006233215,7899,0.7997256517410278,1.0,0.2222222238779068,0.7262925632613921,9.992980631068349e-05,1.0,0.004336115904152393,13.333333015441895,,,,,,,
4820,0.15801511704921722,0.014414646662771702,0.10044095665216446,0.6313251852989197,7949,0.7028218507766724,1.0,0.1428571492433548,0.7663866134811097,9.992860577767715e-05,1.0,0.0028533644508570433,14.642857551574707,,,,,,,
4827,0.33284714818000793,0.013066034764051437,0.14935161173343658,1.18373703956604,7999,0.7275720238685608,1.0,0.06666667014360428,0.751039805159987,9.992740524467081e-05,0.9333333373069763,0.03925509378314018,14.533333778381348,,,,,,,
4834,0.07049328833818436,0.013596465811133385,0.0008054687059484422,0.34172341227531433,8049,0.8567901849746704,1.0,0.4000000059604645,0.740650219369595,9.992619015974924e-05,1.0,0.03191718831658363,12.199999809265137,,,,,,,
4842,0.06007736176252365,0.010353866964578629,0.0025615880731493235,0.31119784712791443,8099,0.6936027407646179,0.0,0.0,0.7643002546445639,9.992496779887006e-05,1.0,0.00043977051973342896,16.0,,,,,,,
4849,0.32849833369255066,0.010778363794088364,0.0764247328042984,1.5652375221252441,8149,0.8074073791503906,1.0,0.20000000298023224,0.7397196839162681,9.992373088607565e-05,0.8999999761581421,0.006911293603479862,13.899999618530273,,,,,,,
4856,0.13165254890918732,0.01626516506075859,0.017122741788625717,0.5645301938056946,8199,0.7790123820304871,1.0,0.20000000298023224,0.7576483603870146,9.992248669732362e-05,1.0,0.0048661138862371445,14.100000381469727,,,,,,,
4863,0.2318747639656067,0.014047888107597828,0.07933174818754196,0.9071909785270691,8249,0.701646089553833,1.0,0.0833333358168602,0.7448153439688538,9.992122795665637e-05,1.0,0.0004629414761438966,15.5,,,,,,,
4870,0.1263471096754074,0.014137385413050652,0.09940733015537262,0.5300055146217346,8299,0.8539094924926758,1.0,0.5,0.758700804605517,9.99199619400315e-05,1.0,0.0012034497922286391,9.5,,,,,,,
4877,0.24098168313503265,0.022335339337587357,0.04467641934752464,0.8819718956947327,8349,0.7263374328613281,1.0,0.1666666716337204,0.7501900107540462,9.991868864744902e-05,1.0,0.0011033283080905676,14.666666984558105,,,,,,,
4884,0.07273761928081512,0.014158195815980434,0.01055068988353014,0.3651561439037323,8399,0.68038409948349,0.0,0.0,0.7410132115499211,9.991740807890892e-05,1.0,0.046474963426589966,16.0,,,,,,,
4892,0.05031883716583252,0.010901927016675472,0.0033937799744307995,0.3004293441772461,8449,0.7860081791877747,1.0,0.3333333432674408,0.7346673996393254,9.99161129584536e-05,1.0,0.0007173261838033795,12.0,,,,,,,
4899,0.08763102442026138,0.011129065416753292,0.0258735790848732,0.38631361722946167,8499,0.7195767164230347,1.0,0.1428571492433548,0.7321267805876592,9.991480328608304e-05,1.0,0.0037071413826197386,15.142857551574707,,,,,,,
4899,,,,,8504,,,,,,,,,0.7123637795448303,0.18087121844291687,0.6601377725601196,0.6693513989448547,0.9978693127632141,0.018427271395921707,16.0
4906,0.09051854908466339,0.014338642358779907,0.030432403087615967,0.44067227840423584,8549,0.7757201194763184,1.0,0.1666666716337204,0.741445299940564,9.991348633775488e-05,1.0,0.0004515582986641675,14.333333015441895,,,,,,,
4913,0.2945743501186371,0.021243222057819366,0.09040690958499908,1.0958850383758545,8599,0.8559670448303223,1.0,0.5,0.7183732582339959,9.99121621134691e-05,1.0,0.005483165383338928,11.083333015441895,,,,,,,
4920,0.11139106750488281,0.014666561968624592,0.029344191774725914,0.4900277256965637,8649,0.6913580894470215,0.0,0.0,0.7583563469158315,9.99108306132257e-05,1.0,0.047951363027095795,16.0,,,,,,,
4927,0.1631356179714203,0.011514626443386078,0.06909295916557312,0.6526210904121399,8699,0.7592592239379883,1.0,0.1428571492433548,0.7510137170413239,9.990948456106707e-05,1.0,0.0039206938818097115,14.928571701049805,,,,,,,
4934,0.25048014521598816,0.013133804313838482,0.07922612875699997,1.200731873512268,8749,0.6765431761741638,0.0,0.0,0.7634690565103441,9.990812395699322e-05,1.0,0.010997859761118889,16.0,,,,,,,
4942,0.07088643312454224,0.010895770974457264,0.0013530286960303783,0.3252345025539398,8799,0.7453703880310059,1.0,0.125,0.7361370000921111,9.990676335291937e-05,1.0,0.0002571857185102999,14.5,,,,,,,
4949,0.22938404977321625,0.012654244899749756,0.04389406368136406,1.0341334342956543,8849,0.6558642387390137,0.0,0.0,0.7440630750408803,9.990538819693029e-05,1.0,0.0001094713807106018,16.0,,,,,,,
4956,0.06295806914567947,0.01060124859213829,0.0034501843620091677,0.32077521085739136,8899,0.6805555820465088,0.0,0.0,0.7455693796190384,9.990399848902598e-05,1.0,0.0016645211726427078,16.0,,,,,,,
4963,0.07013284415006638,0.012120939791202545,0.007056450005620718,0.36365416646003723,8949,0.8106996417045593,1.0,0.3333333432674408,0.7142609984011418,9.990260150516406e-05,1.0,0.025769121944904327,13.333333015441895,,,,,,,
4970,0.0798380970954895,0.012135282158851624,0.0085854297503829,0.3575219511985779,8999,0.6882716417312622,0.0,0.0,0.7331879376710386,9.990119724534452e-05,1.0,0.0001434609293937683,16.0,,,,,,,
4977,0.09111380577087402,0.013034538365900517,0.019889801740646362,0.43461358547210693,9049,0.799382746219635,1.0,0.3333333432674408,0.7056507639743076,9.989977843360975e-05,1.0,0.0024852354545146227,14.0,,,,,,,
4984,0.08400367945432663,0.011550565250217915,0.002555484650656581,0.3845386207103729,9099,0.7301586866378784,1.0,0.1428571492433548,0.7221193009636434,9.989835234591737e-05,0.9285714030265808,0.008562780916690826,14.857142448425293,,,,,,,
4992,0.05880977213382721,0.011088499799370766,0.0010133387986570597,0.3109232485294342,9149,0.688614547252655,0.0,0.0,0.7599096068323754,9.989691898226738e-05,1.0,0.00016117095947265625,16.0,,,,,,,
4999,0.20933936536312103,0.011668197810649872,0.08461123704910278,1.1031832695007324,9199,0.8292180895805359,1.0,0.3333333432674408,0.7185712215172921,9.989547106670216e-05,1.0,0.022550728172063828,12.833333015441895,,,,,,,
4999,,,,,9204,,,,,,,,,0.7165988683700562,0.1948390156030655,0.6520007848739624,0.6587517261505127,0.9973958134651184,0.013502012938261032,16.0
5006,0.17607063055038452,0.014399077743291855,0.06939990073442459,0.7052409052848816,9249,0.7662551403045654,1.0,0.20000000298023224,0.7429528532458349,9.989401587517932e-05,0.8666666746139526,0.0530083104968071,13.866666793823242,,,,,,,
5013,0.08145388960838318,0.010261724703013897,0.018360329791903496,0.40426525473594666,9299,0.7469135522842407,1.0,0.125,0.753962033560678,9.989255340769887e-05,1.0,0.03672488033771515,14.5,,,,,,,
5020,0.08129662275314331,0.013462805189192295,0.007963459938764572,0.4047481119632721,9349,0.8842592239379883,1.0,0.625,0.7360157070782835,9.989107638830319e-05,1.0,0.0024138910230249166,11.0,,,,,,,
5027,0.32543644309043884,0.01664099097251892,0.10270009189844131,1.3500679731369019,9399,0.7561728358268738,1.0,0.1666666716337204,0.7385762633576058,9.988958481699228e-05,1.0,0.039456807076931,13.916666984558105,,,,,,,
5034,0.27876684069633484,0.012121613137423992,0.07367043942213058,1.3325682878494263,9449,0.7827160358428955,1.0,0.30000001192092896,0.7366654089733544,9.988809324568138e-05,1.0,0.013133730739355087,14.100000381469727,,,,,,,
5042,0.10428694635629654,0.010649381205439568,0.04027261212468147,0.43452808260917664,9499,0.7839506268501282,1.0,0.25,0.7206280702322967,9.988658712245524e-05,1.0,0.0058023217134177685,13.5,,,,,,,
5049,0.08060884475708008,0.014119739644229412,0.025457855314016342,0.4018968939781189,9549,0.7301587462425232,0.0,0.1428571492433548,0.742296772576327,9.988506644731387e-05,1.0,0.009226641617715359,16.0,,,,,,,
5056,0.09631254523992538,0.012906499207019806,0.04090078920125961,0.4807407855987549,9599,0.796857476234436,1.0,0.27272728085517883,0.7435769320821518,9.98835384962149e-05,1.0,0.009819041937589645,13.090909004211426,,,,,,,
5063,0.08204756677150726,0.012312309816479683,0.012821302749216557,0.3941268026828766,9649,0.8225308656692505,1.0,0.375,0.7492200294027036,9.98820032691583e-05,1.0,0.0011412239400669932,12.125,,,,,,,
5070,0.07233307510614395,0.010049629025161266,0.0016702008433640003,0.3354394733905792,9699,0.6666666865348816,0.0,0.0,0.7072580658857053,9.98804607661441e-05,1.0,0.0006105601787567139,16.0,,,,,,,
5077,0.07619805634021759,0.013192483223974705,0.003630046034231782,0.3475264310836792,9749,0.7302944660186768,0.0,0.0,0.7103475962940213,9.987890371121466e-05,1.0,0.006680881604552269,16.0,,,,,,,
5084,0.3550303876399994,0.012550476007163525,0.09228992462158203,1.4961987733840942,9799,0.7883597612380981,1.0,0.2857142984867096,0.762060559062188,9.987733210437e-05,1.0,0.0010939349886029959,12.428571701049805,,,,,,,
5092,0.060015786439180374,0.011627293191850185,0.006815578788518906,0.31952059268951416,9849,0.7148148417472839,1.0,0.10000000149011612,0.7473701086095101,9.987575322156772e-05,1.0,0.0014095886144787073,14.5,,,,,,,
5099,0.06831236928701401,0.013002661988139153,0.0040681022219359875,0.35811716318130493,9899,0.7061728239059448,0.0,0.0,0.7655728310086618,9.987416706280783e-05,1.0,0.0011049099266529083,16.0,,,,,,,
5099,,,,,9904,,,,,,,,,0.720389723777771,0.20643939077854156,0.6435933709144592,0.6473512649536133,0.9990530014038086,0.007516060955822468,16.0
5106,0.058534521609544754,0.012675127014517784,0.004387552384287119,0.3431166410446167,9949,0.8543210029602051,1.0,0.6000000238418579,0.7309350576274574,9.987257362809032e-05,1.0,0.0013066671090200543,10.399999618530273,,,,,,,
5113,0.1019318476319313,0.01384697575122118,0.043592166155576706,0.454416424036026,9999,0.9975308179855347,1.0,0.800000011920929,0.6914519566050228,9.987096564145759e-05,0.800000011920929,0.07966865599155426,9.399999618530273,,,,,,,
5120,0.07749436050653458,0.012258226983249187,0.022209402173757553,0.43459653854370117,10049,0.7109053730964661,1.0,0.1666666716337204,0.6914165464620103,9.986935037886724e-05,1.0,0.09885542094707489,15.416666984558105,,,,,,,
5127,0.07806821912527084,0.012677750550210476,0.0011574812233448029,0.36076319217681885,10099,0.7314814329147339,1.0,0.15000000596046448,0.7237104104219524,9.986772056436166e-05,1.0,0.00460653705522418,13.949999809265137,,,,,,,
5134,0.09944629669189453,0.012555640190839767,0.04097454622387886,0.5078676342964172,10149,0.8302469253540039,1.0,0.375,0.7200132127187043,9.986608347389847e-05,1.0,0.024709738790988922,13.125,,,,,,,
5142,0.13371378183364868,0.018217789009213448,0.01536560244858265,0.581214427947998,10199,0.7227833271026611,1.0,0.1818181872367859,0.7581922097140039,9.986443910747766e-05,1.0,0.0026249303482472897,14.272727012634277,,,,,,,
5149,0.0875847116112709,0.00922259222716093,0.03115428239107132,0.42853856086730957,10249,0.8055555820465088,1.0,0.25,0.7338973843720387,9.986278018914163e-05,1.0,0.003011378226801753,12.25,,,,,,,
5156,0.20009706914424896,0.013378781266510487,0.10536015778779984,0.8410060405731201,10299,0.8419753909111023,1.0,0.4000000059604645,0.7091585345984114,9.986111399484798e-05,1.0,0.005503167398273945,12.800000190734863,,,,,,,
5163,0.06591317802667618,0.012100517749786377,0.007835401222109795,0.3626265525817871,10349,0.68038409948349,0.0,0.0,0.7318769171854045,9.98594332486391e-05,1.0,0.00046965479850769043,16.0,,,,,,,
5170,0.06711609661579132,0.01116079930216074,0.012746228836476803,0.3609078526496887,10399,0.7045855522155762,0.0,0.0,0.7233860850013065,9.985774522647262e-05,1.0,0.015649326145648956,16.0,,,,,,,
5177,0.12734970450401306,0.01543582882732153,0.035864219069480896,0.5980088710784912,10449,0.7818930149078369,1.0,0.1666666716337204,0.7359845023178468,9.985604992834851e-05,1.0,0.0012872996740043163,15.333333015441895,,,,,,,
5184,0.3226564824581146,0.01677246019244194,0.09212515503168106,1.6094374656677246,10499,0.7728394865989685,1.0,0.20000000298023224,0.7074811753890324,9.985434007830918e-05,1.0,0.07349221408367157,14.899999618530273,,,,,,,
5192,0.14985132217407227,0.01281980611383915,0.06175406649708748,0.8344005346298218,10549,0.8009259700775146,1.0,0.375,0.7421326187319581,9.985262295231223e-05,1.0,0.009894288145005703,12.125,,,,,,,
5199,0.09490427374839783,0.012959897518157959,0.0320269837975502,0.5121458768844604,10599,0.7676767706871033,1.0,0.1818181872367859,0.7467802537483996,9.985089127440006e-05,1.0,0.0007089634891599417,14.545454978942871,,,,,,,
5199,,,,,10604,,,,,,,,,0.7240168452262878,0.21377840638160706,0.6352652311325073,0.6379519701004028,0.9995265007019043,0.005373669322580099,16.0
5206,0.07859279960393906,0.011223859153687954,0.011625238694250584,0.3973153829574585,10649,0.6635802388191223,0.0,0.0,0.7398195281091144,9.984915959648788e-05,1.0,0.01589430496096611,16.0,,,,,,,
5213,0.1462762951850891,0.014502082020044327,0.08619920909404755,0.665698230266571,10699,0.8055555820465088,1.0,0.25,0.7361082337819258,9.984740609070286e-05,0.625,0.06652867048978806,10.375,,,,,,,
5220,0.4201349914073944,0.018737882375717163,0.1296176165342331,1.9967007637023926,10749,0.680776059627533,1.0,0.0714285746216774,0.7642686028546495,9.984565258491784e-05,1.0,0.0014693780103698373,15.071428298950195,,,,,,,
5227,0.2109423577785492,0.015275036916136742,0.07519763708114624,1.1433656215667725,10799,0.7849793434143066,1.0,0.25,0.7486093921576992,9.98438845272176e-05,1.0,0.0004496641631703824,14.416666984558105,,,,,,,
5234,0.14029474556446075,0.017666636034846306,0.046564653515815735,0.5977346301078796,10849,0.6948853135108948,0.0,0.0,0.7572350875134766,9.984210191760212e-05,1.0,0.0012688077986240387,16.0,,,,,,,
5242,0.19745054841041565,0.011395645327866077,0.08737826347351074,0.9331703782081604,10899,0.7864924073219299,1.0,0.29411765933036804,0.7183361578272461,9.984031203202903e-05,1.0,0.033383600413799286,13.058823585510254,,,,,,,
5249,0.10813011974096298,0.014546633698046207,0.007514319848269224,0.5041047930717468,10949,0.7372134327888489,1.0,0.1428571492433548,0.7307946434844763,9.983851487049833e-05,1.0,0.03240098059177399,15.714285850524902,,,,,,,
5256,0.19538140296936035,0.012659656815230846,0.07440367341041565,0.8173812627792358,10999,0.7019400000572205,1.0,0.1428571492433548,0.7523600676247382,9.983671043301001e-05,1.0,0.0006717693177051842,15.714285850524902,,,,,,,
5263,0.12263645976781845,0.012083771638572216,0.02251637727022171,0.5744539499282837,11049,0.8163579702377319,1.0,0.375,0.7174137939987928,9.983489144360647e-05,1.0,0.0014922191621735692,11.75,,,,,,,
5270,0.07047529518604279,0.010447868146002293,0.009635331109166145,0.36532288789749146,11099,0.7352537512779236,1.0,0.1111111119389534,0.7673430274575432,9.98330651782453e-05,0.8888888955116272,0.00975014641880989,14.777777671813965,,,,,,,
5277,0.40428489446640015,0.013217643834650517,0.09107758104801178,1.882307767868042,11149,0.7641975283622742,1.0,0.20000000298023224,0.7627144643054737,9.983122436096892e-05,1.0,0.0013940283097326756,14.100000381469727,,,,,,,
5284,0.20984122157096863,0.011106092482805252,0.08254297822713852,1.090956449508667,11199,0.7345678806304932,1.0,0.25,0.7545331435212911,9.982937626773492e-05,1.0,0.0012502041645348072,13.75,,,,,,,
5292,0.08754924684762955,0.012185292318463326,0.0012966241920366883,0.38430893421173096,11249,0.6687242984771729,0.0,0.0,0.7433825152051112,9.982751362258568e-05,1.0,0.00019529834389686584,16.0,,,,,,,
5299,0.07149091362953186,0.01184652280062437,0.002704444108530879,0.36357593536376953,11299,0.7391974925994873,1.0,0.125,0.7159086257848477,9.982565097743645e-05,1.0,0.02678637020289898,14.75,,,,,,,
5299,,,,,11304,,,,,,,,,0.7269103527069092,0.21946023404598236,0.6278983354568481,0.6313729286193848,0.9992897510528564,0.006949001457542181,16.0
5306,0.06606002151966095,0.012208733707666397,0.0063709234818816185,0.377949059009552,11349,0.8509021997451782,1.0,0.38461539149284363,0.7339218557871651,9.982376650441438e-05,0.8461538553237915,0.08100192993879318,12.923076629638672,,,,,,,
5313,0.3694939613342285,0.011181585490703583,0.059555783867836,1.6758766174316406,11399,0.7744107842445374,1.0,0.27272728085517883,0.7163511022945368,9.98218820313923e-05,1.0,0.004577444400638342,13.545454978942871,,,,,,,
5320,0.06847584247589111,0.012532126158475876,0.0012914780527353287,0.3445228636264801,11449,0.7654320597648621,1.0,0.3333333432674408,0.7503582259086928,9.9819983006455e-05,1.0,0.002619241364300251,13.833333015441895,,,,,,,
5327,0.13398189842700958,0.011028475128114223,0.05482066422700882,0.5867166519165039,11499,0.7617284059524536,1.0,0.30000001192092896,0.7308599793676014,9.981806942960247e-05,1.0,0.0002525648451410234,12.0,,,,,,,
5334,0.06676081568002701,0.010518806055188179,0.007817661389708519,0.3501560688018799,11549,0.77914959192276,1.0,0.2222222238779068,0.7412314549491857,9.981615585274994e-05,1.0,0.0026727307122200727,13.0,,,,,,,
5342,0.08935649693012238,0.01187871117144823,0.02175118774175644,0.44081372022628784,11599,0.7362514138221741,1.0,0.1818181872367859,0.7147776241212818,9.981422772398219e-05,1.0,0.002874769037589431,14.0,,,,,,,
5349,0.3862651288509369,0.011960146017372608,0.062152013182640076,2.4833550453186035,11649,0.7695472836494446,1.0,0.3333333432674408,0.7267682248764828,9.98122850432992e-05,1.0,0.003265149425715208,11.933333396911621,,,,,,,
5356,0.08869968354701996,0.011721865274012089,0.021051699295639992,0.4779987037181854,11699,0.7794238924980164,1.0,0.2666666805744171,0.7256047658804826,9.98103350866586e-05,1.0,0.002353109186515212,12.333333015441895,,,,,,,
5363,0.05940086022019386,0.01287295576184988,0.005381224676966667,0.365477979183197,11749,0.8074073791503906,1.0,0.4000000059604645,0.7046987703576534,9.980837785406038e-05,1.0,0.07638520747423172,12.0,,,,,,,
5370,0.11867359280586243,0.014757496304810047,0.01571393385529518,0.5937095880508423,11799,0.8898385763168335,1.0,0.692307710647583,0.7823260443740603,9.980640606954694e-05,0.8461538553237915,0.024870555847883224,7.461538314819336,,,,,,,
5377,0.1655438095331192,0.014172950759530067,0.02514369785785675,0.7132415175437927,11849,0.7145061492919922,1.0,0.125,0.7227045202442031,9.980442700907588e-05,1.0,0.005485593341290951,15.125,,,,,,,
5384,0.09908057749271393,0.012033678591251373,0.012654154561460018,0.4610040783882141,11899,0.8518518209457397,1.0,0.6000000238418579,0.7422665257032711,9.980244067264721e-05,1.0,0.03462888300418854,12.199999809265137,,,,,,,
5392,0.1823553889989853,0.011838430538773537,0.05499386042356491,0.9143862724304199,11949,0.709876537322998,0.0,0.0,0.7229794318195741,9.980043978430331e-05,1.0,0.008260701783001423,16.0,,,,,,,
5399,0.13235262036323547,0.015620976686477661,0.0439273864030838,1.0648798942565918,11999,0.7721661925315857,1.0,0.27272728085517883,0.7311413180731479,9.979843162000179e-05,1.0,0.015986932441592216,13.545454978942871,,,,,,,
5399,,,,,12004,,,,,,,,,0.7294822931289673,0.2244318127632141,0.6230186820030212,0.6264055967330933,0.9990530014038086,0.006773877423256636,16.0
5406,0.06161365658044815,0.011028742417693138,0.0048303259536623955,0.3382914364337921,12049,0.8172839283943176,1.0,0.4000000059604645,0.7132079627157495,9.979641617974266e-05,1.0,0.03695495426654816,10.699999809265137,,,,,,,
5413,0.08086255937814713,0.01189566869288683,0.004939570557326078,0.42537567019462585,12099,0.8004115223884583,1.0,0.1666666716337204,0.7323789212233756,9.979438618756831e-05,1.0,0.0035605840384960175,14.333333015441895,,,,,,,
5420,0.14041844010353088,0.015245593152940273,0.01180142629891634,0.6291599273681641,12149,0.7839506268501282,1.0,0.30000001192092896,0.7069813850750908,9.979234164347872e-05,1.0,0.00032934019691310823,11.600000381469727,,,,,,,
5427,0.07048358768224716,0.012102468870580196,0.0034145789686590433,0.3865572214126587,12199,0.7777777910232544,1.0,0.20000000298023224,0.7427283550349515,9.979029709938914e-05,1.0,0.0002488650497980416,13.399999618530273,,,,,,,
5434,0.21116390824317932,0.013324594125151634,0.04261702299118042,1.1832231283187866,12249,0.770061731338501,1.0,0.25,0.7318680904049866,9.978823800338432e-05,0.875,0.022062893956899643,15.125,,,,,,,
5442,0.17409810423851013,0.014734840951859951,0.029357269406318665,0.7035278677940369,12299,0.7969821691513062,1.0,0.3333333432674408,0.7481104015949811,9.978616435546428e-05,1.0,0.0038638501428067684,12.777777671813965,,,,,,,
5449,0.18999624252319336,0.015023195184767246,0.08238815516233444,1.0669231414794922,12349,0.7625272274017334,1.0,0.1764705926179886,0.731042534632891,9.978408343158662e-05,0.8823529481887817,0.027395397424697876,12.352941513061523,,,,,,,
5456,0.10042551904916763,0.012520156800746918,0.00607677036896348,0.452902227640152,12399,0.8157644867897034,1.0,0.38461539149284363,0.6699403088038336,9.978199523175135e-05,0.9230769276618958,0.016306350007653236,10.692307472229004,,,,,,,
5463,0.10854131728410721,0.012284972704946995,0.048263680189847946,0.5562756657600403,12449,0.760942816734314,1.0,0.1818181872367859,0.7301654976724792,9.977989975595847e-05,1.0,0.0022367131896317005,14.545454978942871,,,,,,,
5470,0.6355065703392029,0.010895284824073315,0.2601252496242523,3.2956976890563965,12499,0.7407407164573669,1.0,0.20000000298023224,0.7555167468959113,9.977778972825035e-05,1.0,0.003830705536529422,14.100000381469727,,,,,,,
5477,0.06621724367141724,0.013924336060881615,0.005947633646428585,0.3827950060367584,12549,0.7962962985038757,1.0,0.20000000298023224,0.7371055625685227,9.977566514862701e-05,1.0,0.022105086594820023,14.699999809265137,,,,,,,
5484,0.14102941751480103,0.014248529449105263,0.03619277849793434,0.9822435975074768,12599,0.7722907662391663,1.0,0.1111111119389534,0.736166498375977,9.977354056900367e-05,1.0,0.0023140711709856987,15.88888931274414,,,,,,,
5492,0.05674712732434273,0.012044382281601429,0.008009579963982105,0.35112741589546204,12649,0.761904776096344,1.0,0.1428571492433548,0.7644418957580477,9.977139416150749e-05,1.0,0.0011950555490329862,14.142857551574707,,,,,,,
5499,0.0793725848197937,0.015397153794765472,0.011329983361065388,0.4794909358024597,12699,0.8604938387870789,1.0,0.4000000059604645,0.7075429799741021,9.97692477540113e-05,1.0,0.007361317984759808,14.399999618530273,,,,,,,
5499,,,,,12704,,,,,,,,,0.7309641242027283,0.2244318127632141,0.6190064549446106,0.6214437484741211,1.0,0.0048744999803602695,16.0
5506,0.08219391107559204,0.013619775883853436,0.009418288245797157,0.4017616808414459,12749,0.7469136118888855,1.0,0.1666666716337204,0.7440087058841054,9.976708679459989e-05,1.0,0.001318266848102212,14.333333015441895,,,,,,,
5513,0.22673474252223969,0.01784185692667961,0.025943227112293243,0.921231210231781,12799,0.8148148655891418,1.0,0.1428571492433548,0.7301727241592602,9.976491855923086e-05,1.0,0.0007700659334659576,14.0,,,,,,,
5520,0.3569848835468292,0.012777366675436497,0.09250707924365997,1.911513090133667,12849,0.8009259104728699,1.0,0.125,0.7784523960648455,9.976273577194661e-05,0.875,0.01319792214781046,14.125,,,,,,,
5527,0.1391046792268753,0.012557514011859894,0.026788461953401566,0.8179153203964233,12899,0.8236331939697266,1.0,0.2857142984867096,0.7290294079496213,9.976054570870474e-05,1.0,0.00047921817167662084,12.142857551574707,,,,,,,
5534,0.07286563515663147,0.011596310883760452,0.009481814689934254,0.4042899012565613,12949,0.7813051342964172,1.0,0.2857142984867096,0.7158401282484194,9.975834836950526e-05,1.0,0.053348321467638016,13.071428298950195,,,,,,,
5542,0.1781090945005417,0.012940646149218082,0.06452620774507523,0.7475672364234924,12999,0.6975308656692505,1.0,0.0,0.7587874004352817,9.975613647839054e-05,0.875,0.01011661347001791,14.25,,,,,,,
5549,0.10200989991426468,0.013702279888093472,0.020496303215622902,0.5801094770431519,13049,0.8991768956184387,1.0,0.5833333134651184,0.7137390296422326,9.975391731131822e-05,1.0,0.0033895496744662523,10.916666984558105,,,,,,,
5556,0.12237808853387833,0.012683683075010777,0.01933998242020607,0.7495689988136292,13099,0.7811447381973267,1.0,0.09090909361839294,0.7124405465948483,9.975169086828828e-05,1.0,0.03181564807891846,14.818181991577148,,,,,,,
5563,0.22304663062095642,0.02352018468081951,0.0725749284029007,1.2185035943984985,13149,0.7119342088699341,0.0,0.0,0.7489493860072409,9.974944987334311e-05,1.0,0.000307716429233551,16.0,,,,,,,
5570,0.06606751680374146,0.011934042908251286,0.0030935239046812057,0.4014967381954193,13199,0.7997256517410278,1.0,0.2222222238779068,0.7279765051707874,9.974719432648271e-05,1.0,0.0008037167717702687,15.0,,,,,,,
5577,0.5825966000556946,0.03719372674822807,0.1251308172941208,2.2823665142059326,13249,0.72153639793396,1.0,0.1111111119389534,0.7418230968478154,9.974493877962232e-05,1.0,0.0018295805202797055,14.44444465637207,,,,,,,
5584,0.12323761731386185,0.012589117512106895,0.07205658406019211,0.639345109462738,13299,0.7962962985038757,1.0,0.375,0.7374692941652732,9.974266868084669e-05,1.0,0.00024506787303835154,12.125,,,,,,,
5592,0.07547949999570847,0.01011267676949501,0.006225275807082653,0.4273480176925659,13349,0.7366254925727844,1.0,0.1666666716337204,0.7121183669521566,9.974038403015584e-05,1.0,0.0010659298859536648,15.0,,,,,,,
5599,0.6673110723495483,0.03776909038424492,0.11586961150169373,2.4858999252319336,13399,0.8259259462356567,1.0,0.4000000059604645,0.7792269973164878,9.973809210350737e-05,1.0,0.05328252911567688,13.199999809265137,,,,,,,
5599,,,,,13404,,,,,,,,,0.7341032028198242,0.22798295319080353,0.6123685240745544,0.6149049401283264,0.9997632503509521,0.005072715692222118,16.0
5606,0.4797014594078064,0.013427764177322388,0.14112600684165955,2.4305620193481445,13449,0.7839506268501282,1.0,0.1666666716337204,0.7491639235933918,9.973579290090129e-05,1.0,0.0003130999393761158,13.833333015441895,,,,,,,
5613,0.09901450574398041,0.014516757801175117,0.01990514062345028,0.4675065279006958,13499,0.6604938507080078,0.0,0.0,0.7466584096427382,9.973348642233759e-05,1.0,0.00029585883021354675,16.0,,,,,,,
5620,0.17851006984710693,0.016977867111563683,0.058841388672590256,0.8609026670455933,13549,0.9012345671653748,1.0,0.75,0.7221465804762714,9.973116539185867e-05,1.0,0.0008974646334536374,7.25,,,,,,,
5627,0.0583987720310688,0.013039524666965008,0.002418812131509185,0.36467528343200684,13599,0.8189300894737244,1.0,0.1666666716337204,0.7189564370138433,9.972883708542213e-05,1.0,0.0007337317219935358,14.0,,,,,,,
5634,0.06011807173490524,0.011445963755249977,0.013592328876256943,0.369188517332077,13649,0.7104377746582031,1.0,0.09090909361839294,0.7259086353650339,9.972649422707036e-05,1.0,0.008958002552390099,14.818181991577148,,,,,,,
5642,0.1805243343114853,0.009974160231649876,0.0873965248465538,1.2165251970291138,13699,0.7710437774658203,1.0,0.27272728085517883,0.7147609636881793,9.972414409276098e-05,1.0,0.030241936445236206,12.909090995788574,,,,,,,
5649,0.12520655989646912,0.015507892705500126,0.0043598078191280365,0.6555960774421692,13749,0.845678985118866,1.0,0.4166666567325592,0.6897685412429777,9.972177940653637e-05,1.0,0.02640283852815628,12.083333015441895,,,,,,,
5656,0.08586491644382477,0.011937831528484821,0.012061030603945255,0.510837972164154,13799,0.7513227462768555,0.0,0.0,0.7235100424480537,9.971941472031176e-05,1.0,0.018410000950098038,16.0,,,,,,,
5663,0.2568027973175049,0.02089121751487255,0.02226119488477707,1.1101832389831543,13849,0.7901235222816467,1.0,0.27272728085517883,0.7444766253227885,9.971702820621431e-05,1.0,0.004975521937012672,14.454545021057129,,,,,,,
5670,0.31011083722114563,0.02712228149175644,0.030975447967648506,1.284549355506897,13899,0.770370364189148,1.0,0.20000000298023224,0.7311399466219619,9.971464169211686e-05,1.0,0.0005318500916473567,13.800000190734863,,,,,,,
5677,0.06419629603624344,0.0119751812890172,0.005938482936471701,0.4169875383377075,13949,0.8292180895805359,1.0,0.3333333432674408,0.7177240821279158,9.971224062610418e-05,1.0,0.0015682971570640802,13.333333015441895,,,,,,,
5684,0.3047202229499817,0.023485232144594193,0.10356932133436203,1.6897239685058594,13999,0.8294051885604858,1.0,0.3636363744735718,0.7150385285207517,9.970983228413388e-05,1.0,0.0012030877405777574,11.909090995788574,,,,,,,
5692,0.07742856442928314,0.01284406241029501,0.010703355073928833,0.4570962190628052,14049,0.7592592239379883,0.0,0.0,0.7307479886138653,9.970740939024836e-05,1.0,0.0017887502908706665,16.0,,,,,,,
5699,0.06686506420373917,0.010266371071338654,0.0019488614052534103,0.42511987686157227,14099,0.7434842586517334,1.0,0.2222222238779068,0.7260212655728634,9.970497922040522e-05,1.0,0.0029134307987987995,13.222222328186035,,,,,,,
5699,,,,,14104,,,,,,,,,0.7381805777549744,0.2322443127632141,0.6062340140342712,0.6081743240356445,0.9995265007019043,0.003880582982674241,16.0
5706,0.1343323141336441,0.011147771030664444,0.024143902584910393,0.698824405670166,14149,0.7263374328613281,1.0,0.0833333358168602,0.7349331054158652,9.970253449864686e-05,1.0,0.017277916893363,14.833333015441895,,,,,,,
5713,0.11143125593662262,0.01196194626390934,0.03581858053803444,0.6156740784645081,14199,0.7497194409370422,1.0,0.09090909361839294,0.7302546198808832,9.970008250093088e-05,0.9090909361839294,0.009221402928233147,14.818181991577148,,,,,,,
5720,0.1302582174539566,0.01904541626572609,0.00514992093667388,0.5902304649353027,14249,0.694444477558136,0.0,0.0,0.736858394273079,9.969762322725728e-05,1.0,0.0008346084505319595,16.0,,,,,,,
5727,0.054338399320840836,0.01004767045378685,0.0015764834824949503,0.33446651697158813,14299,0.8034188151359558,1.0,0.3076923191547394,0.7187561257902526,9.969515667762607e-05,1.0,0.00042350770672783256,13.307692527770996,,,,,,,
5734,0.1070733442902565,0.017750699073076248,0.009378927759826183,0.5355017185211182,14349,0.7818930149078369,1.0,0.1111111119389534,0.7335640110538084,9.969267557607964e-05,1.0,0.002004452282562852,14.666666984558105,,,,,,,
5742,0.1552872657775879,0.019977428019046783,0.015331246890127659,0.7164321541786194,14399,0.8034979701042175,1.0,0.4166666567325592,0.7462300038827963,9.969017992261797e-05,1.0,0.002657987643033266,11.166666984558105,,,,,,,
5749,0.1386895328760147,0.015391334891319275,0.009132986888289452,0.6254501342773438,14449,0.7370370626449585,1.0,0.20000000298023224,0.7286172031926577,9.968768426915631e-05,1.0,0.005427208729088306,14.600000381469727,,,,,,,
5756,0.15661488473415375,0.013908172026276588,0.057470571249723434,1.1702910661697388,14499,0.86543208360672,1.0,0.5,0.7315475670705367,9.96851667878218e-05,1.0,0.002384672872722149,10.5,,,,,,,
5763,0.1152375191450119,0.011566035449504852,0.01051714550703764,0.6383031010627747,14549,0.7078189253807068,0.0,0.0,0.7204605864461526,9.968264930648729e-05,1.0,0.027990225702524185,16.0,,,,,,,
5770,0.11906617879867554,0.017230292782187462,0.00622085016220808,0.5507779121398926,14599,0.770370364189148,1.0,0.20000000298023224,0.704669423539805,9.968011727323756e-05,1.0,0.000724577228538692,13.800000190734863,,,,,,,
5777,0.06105594336986542,0.011633181013166904,0.003496353980153799,0.39748406410217285,14649,0.8004115223884583,1.0,0.3333333432674408,0.7201528468195414,9.96775779640302e-05,1.0,0.002337793819606304,12.333333015441895,,,,,,,
5784,0.069899782538414,0.011388062499463558,0.0023812747094780207,0.3655581772327423,14699,0.8148148655891418,1.0,0.2857142984867096,0.7291934020889036,9.967502410290763e-05,1.0,0.0007776003330945969,13.714285850524902,,,,,,,
5792,0.20591741800308228,0.0226497333496809,0.004368005786091089,0.8270820379257202,14749,0.8042327761650085,1.0,0.3571428656578064,0.748959244835087,9.967246296582744e-05,1.0,0.0007536693010479212,12.571428298950195,,,,,,,
5799,0.2219935953617096,0.021664666011929512,0.0066894288174808025,0.8239021897315979,14799,0.7663139700889587,1.0,0.2142857164144516,0.716412497682667,9.966989455278963e-05,1.0,0.039308708161115646,13.285714149475098,,,,,,,
5799,,,,,14804,,,,,,,,,0.7413340210914612,0.23153409361839294,0.6021342277526855,0.604150652885437,0.9995265007019043,0.004032835830003023,16.0
5806,0.06827250123023987,0.012972459197044373,0.0017852062592282891,0.41763898730278015,14849,0.805212676525116,1.0,0.3333333432674408,0.7127867446149329,9.96673115878366e-05,1.0,0.0011087163584306836,13.222222328186035,,,,,,,
5813,0.29656046628952026,0.016796406358480453,0.03801615908741951,1.4547107219696045,14899,0.8765432238578796,1.0,0.375,0.7344363875833875,9.966472134692594e-05,0.875,0.01144203171133995,9.875,,,,,,,
5820,0.09861082583665848,0.018169784918427467,0.005323516204953194,0.5303838849067688,14949,0.7351291179656982,1.0,0.09090909361839294,0.7270698033399687,9.966212383005768e-05,1.0,0.015908684581518173,15.363636016845703,,,,,,,
5827,0.06169665604829788,0.01283033937215805,0.002069253707304597,0.40804868936538696,14999,0.8305274844169617,1.0,0.4545454680919647,0.703431991824314,9.965951176127419e-05,1.0,0.036001112312078476,13.727272987365723,,,,,,,
5834,0.08243268728256226,0.013856125064194202,0.011587347835302353,0.5010908842086792,15049,0.8338945508003235,1.0,0.27272728085517883,0.711864349088964,9.965688514057547e-05,1.0,0.0007983904797583818,12.545454978942871,,,,,,,
5842,0.14528106153011322,0.012383599765598774,0.032952941954135895,0.7743042707443237,15099,0.8230453133583069,1.0,0.3333333432674408,0.7057396658491548,9.965425851987675e-05,1.0,0.004099708516150713,12.666666984558105,,,,,,,
5849,0.23599515855312347,0.017816390842199326,0.09611282497644424,1.3859903812408447,15149,0.8411522507667542,1.0,0.4000000059604645,0.7097462937987944,9.96516173472628e-05,1.0,0.014797055162489414,11.399999618530273,,,,,,,
5856,0.15136325359344482,0.016340387985110283,0.0038658122066408396,0.6889963746070862,15199,0.790123462677002,1.0,0.1666666716337204,0.7328550666934563,9.964896162273362e-05,1.0,0.0017911694012582302,14.166666984558105,,,,,,,
5863,0.3378533124923706,0.01456467341631651,0.05603640154004097,1.944824457168579,15249,0.8168724179267883,1.0,0.3333333432674408,0.7093335894842301,9.964630589820445e-05,1.0,0.026278167963027954,12.5,,,,,,,
5870,0.29097482562065125,0.013772660866379738,0.08597720414400101,1.63987398147583,15299,0.895061731338501,1.0,0.5,0.7353095007578011,9.964363562176004e-05,1.0,0.00217457115650177,15.0,,,,,,,
5877,0.06064750999212265,0.013529062271118164,0.00597653491422534,0.3990357220172882,15349,0.8683127164840698,1.0,0.4444444477558136,0.6952005052405494,9.964095079340041e-05,1.0,0.0006661952938884497,10.11111068725586,,,,,,,
5884,0.07804536074399948,0.012375855818390846,0.009542226791381836,0.4599143862724304,15399,0.8433048725128174,1.0,0.4615384638309479,0.7325653993712571,9.963825868908316e-05,0.9230769276618958,0.015009773895144463,11.076923370361328,,,,,,,
5892,0.0680537074804306,0.012948926538228989,0.0036778519861400127,0.4171070456504822,15449,0.7950617671012878,1.0,0.10000000149011612,0.7105931098810194,9.96355593088083e-05,1.0,0.0005725633818656206,14.5,,,,,,,
5899,0.08633121848106384,0.01223819237202406,0.017507418990135193,0.5219948887825012,15499,0.8345679044723511,1.0,0.4000000059604645,0.7113032623975615,9.96328453766182e-05,1.0,0.0004810786049347371,12.0,,,,,,,
5899,,,,,15504,,,,,,,,,0.7464751601219177,0.23271779716014862,0.5955604910850525,0.5975923538208008,0.9997632503509521,0.004063672851771116,16.0
5906,0.15167458355426788,0.01775027997791767,0.01573546975851059,0.7444316744804382,15549,0.8518518209457397,1.0,0.3684210479259491,0.6893896871696844,9.96301241684705e-05,1.0,0.004470013082027435,12.421052932739258,,,,,,,
5913,0.19546514749526978,0.013202491216361523,0.042958907783031464,1.061841368675232,15599,0.8302469253540039,1.0,0.4166666567325592,0.7129555387893356,9.962739568436518e-05,1.0,0.000609063426963985,10.833333015441895,,,,,,,
5920,0.07179049402475357,0.012997183948755264,0.0027968999929726124,0.4266819953918457,15649,0.8317901492118835,1.0,0.375,0.7094724793359726,9.962465264834464e-05,1.0,0.010630840435624123,14.125,,,,,,,
5927,0.06626752763986588,0.01342396903783083,0.0010206536389887333,0.38684019446372986,15699,0.761904776096344,1.0,0.1428571492433548,0.7306425882031389,9.962190233636647e-05,1.0,0.0034428469371050596,14.285714149475098,,,,,,,
5934,0.1444418728351593,0.01253580767661333,0.09249073266983032,0.8942674398422241,15749,0.7969821691513062,1.0,0.4444444477558136,0.7043488910359282,9.961913747247308e-05,1.0,0.0018864399753510952,12.333333015441895,,,,,,,
5942,0.3681027293205261,0.010409792885184288,0.07993444800376892,2.623039722442627,15799,0.7662037014961243,1.0,0.125,0.7161265669777224,9.96163726085797e-05,0.9375,0.019001949578523636,15.0625,,,,,,,
5949,0.07277362048625946,0.012082765810191631,0.006498724687844515,0.3949851095676422,15849,0.7503430247306824,1.0,0.2222222238779068,0.728437880847954,9.961358591681346e-05,1.0,0.001432274584658444,13.0,,,,,,,
5956,0.100161612033844,0.015115390531718731,0.008366764523088932,0.5117897987365723,15899,0.8506172895431519,1.0,0.30000001192092896,0.7286321254361516,9.961079922504723e-05,1.0,0.007379925809800625,12.300000190734863,,,,,,,
5963,0.20235377550125122,0.015776081010699272,0.03338602930307388,1.18294358253479,15949,0.7777777910232544,1.0,0.25,0.6840586530652406,9.960799798136577e-05,0.875,0.03368699178099632,15.375,,,,,,,
5970,0.1128208339214325,0.013684429228305817,0.04340127483010292,0.8733604550361633,15999,0.821673572063446,1.0,0.4444444477558136,0.6911996574028482,9.960518218576908e-05,1.0,0.03084244392812252,11.333333015441895,,,,,,,
5977,0.06009434163570404,0.012885971926152706,0.0017013347242027521,0.3984871208667755,16049,0.7839505672454834,1.0,0.1666666716337204,0.7329246095642791,9.960236639017239e-05,1.0,0.00031619941000826657,13.666666984558105,,,,,,,
5984,0.07051718235015869,0.01262055803090334,0.0037471395917236805,0.3910718858242035,16099,0.8935185670852661,1.0,0.5625,0.6584589718552432,9.959952876670286e-05,1.0,0.004583032801747322,12.0,,,,,,,
5992,0.15752066671848297,0.019868317991495132,0.0030385893769562244,0.728829026222229,16149,0.7975308299064636,1.0,0.20000000298023224,0.7403690259349691,9.959669114323333e-05,1.0,0.00048653301200829446,13.600000381469727,,,,,,,
5999,0.11968148499727249,0.018456606194376945,0.004978617653250694,0.5951910614967346,16199,0.8549382090568542,1.0,0.5,0.7316633550193254,9.959383896784857e-05,1.0,0.0006811670027673244,10.25,,,,,,,
5999,,,,,16204,,,,,,,,,0.7530688047409058,0.24384470283985138,0.5843510627746582,0.5868560671806335,0.9997632503509521,0.005010135471820831,16.0
6006,0.26278427243232727,0.017416777089238167,0.07807110249996185,1.535719871520996,16249,0.8597082495689392,1.0,0.5454545617103577,0.7097571186985046,9.95909795165062e-05,1.0,0.00048212066758424044,9.363636016845703,,,,,,,
6013,0.15950457751750946,0.016782663762569427,0.08532504737377167,0.8812970519065857,16299,0.9341563582420349,1.0,0.6666666865348816,0.6992274015876723,9.958810551324859e-05,1.0,0.003737927181646228,9.333333015441895,,,,,,,
6020,0.06591532379388809,0.013086546212434769,0.0018625615630298853,0.4221477806568146,16349,0.8533950448036194,1.0,0.5,0.6975665245996638,9.958522423403338e-05,1.0,0.007525750435888767,9.5,,,,,,,
6027,0.0553722158074379,0.012360144406557083,0.010612986981868744,0.36388835310935974,16399,0.8292180895805359,1.0,0.5,0.708047536083136,9.958233567886055e-05,1.0,0.0004097165074199438,11.333333015441895,,,,,,,
6034,0.06448525935411453,0.011108876205980778,0.0020376855973154306,0.4016350507736206,16449,0.8641974925994873,1.0,0.1666666716337204,0.6935913268852847,9.957943257177249e-05,1.0,0.06373771280050278,15.666666984558105,,,,,,,
6042,0.12345431745052338,0.012876894325017929,0.07423124462366104,0.6953968405723572,16499,0.7790123820304871,1.0,0.20000000298023224,0.7297238606318965,9.957652218872681e-05,0.8999999761581421,0.014450673945248127,13.100000381469727,,,,,,,
6049,0.22349244356155396,0.01596154272556305,0.023777654394507408,1.0056931972503662,16549,0.8106995820999146,1.0,0.3333333432674408,0.7339255318877664,9.957359725376591e-05,1.0,0.003915481269359589,12.333333015441895,,,,,,,
6056,0.46591249108314514,0.011158606968820095,0.08112611621618271,2.942094087600708,16599,0.7613168954849243,1.0,0.13333334028720856,0.692259789622014,9.95706650428474e-05,1.0,0.006914691999554634,14.733333587646484,,,,,,,
6063,0.0734887346625328,0.012895775027573109,0.004912891425192356,0.4098857045173645,16649,0.8727445006370544,1.0,0.5384615659713745,0.6951409392897755,9.956772555597126e-05,1.0,0.03831205144524574,10.923076629638672,,,,,,,
6070,0.30489838123321533,0.01892252452671528,0.03207063302397728,1.2513988018035889,16699,0.8312757611274719,1.0,0.3333333432674408,0.7021883739231629,9.95647715171799e-05,1.0,0.05852847918868065,13.333333015441895,,,,,,,
6077,0.13438190519809723,0.017321504652500153,0.006378015968948603,0.6556103229522705,16749,0.7253086566925049,1.0,0.125,0.7275280505037577,9.956181020243093e-05,1.0,0.01054693479090929,14.5,,,,,,,
6084,0.1912030130624771,0.019443396478891373,0.08534979075193405,1.1207939386367798,16799,0.8755143284797668,1.0,0.5,0.7180482911392747,9.955884161172435e-05,1.0,0.0014278778107836843,11.166666984558105,,,,,,,
6092,0.06742094457149506,0.013055588118731976,0.006029898766428232,0.40404781699180603,16849,0.8731762170791626,1.0,0.5454545617103577,0.6988948908554261,9.955585846910253e-05,1.0,0.0011943744029849768,11.909090995788574,,,,,,,
6099,0.10323275625705719,0.015643978491425514,0.002956038573756814,0.5556609630584717,16899,0.8491083979606628,1.0,0.4444444477558136,0.690970899302356,9.95528680505231e-05,1.0,0.005624277982860804,11.88888931274414,,,,,,,
6099,,,,,16904,,,,,,,,,0.7581252455711365,0.2530776560306549,0.5773080587387085,0.5799779891967773,1.0,0.005339551717042923,16.0
6106,0.10136490315198898,0.014966520480811596,0.011955715715885162,0.5875381827354431,16949,0.8132716417312622,1.0,0.125,0.7268112760365972,9.954987035598606e-05,1.0,0.0007292958907783031,14.25,,,,,,,
6113,0.07453583180904388,0.011870071291923523,0.0064235529862344265,0.4395725429058075,16999,0.8395061492919922,1.0,0.2857142984867096,0.7066183265241399,9.954685810953379e-05,1.0,0.025226162746548653,13.0,,,,,,,
6120,0.13145993649959564,0.020062752068042755,0.006030603777617216,0.6180194020271301,17049,0.8333333730697632,1.0,0.5,0.7384472859855274,9.95438385871239e-05,1.0,0.0006212751613929868,12.0,,,,,,,
6127,0.5684846639633179,0.013153094798326492,0.11507625877857208,3.8050289154052734,17099,0.9094650149345398,1.0,0.6666666865348816,0.7203597547923473,9.954080451279879e-05,1.0,0.002704586833715439,10.333333015441895,,,,,,,
6134,0.7338060140609741,0.013944612815976143,0.08083435893058777,4.173013210296631,17149,0.7830687761306763,1.0,0.2857142984867096,0.7388872425198527,9.953776316251606e-05,1.0,0.00981249287724495,13.285714149475098,,,,,,,
6142,0.18804778158664703,0.011338326148688793,0.022318074479699135,1.0449153184890747,17199,0.8285322189331055,1.0,0.3333333432674408,0.7042331628206258,9.953471453627571e-05,1.0,0.0042464714497327805,12.88888931274414,,,,,,,
6149,0.11564592272043228,0.01672813668847084,0.019282355904579163,0.6357145309448242,17249,0.9078189134597778,1.0,0.6666666865348816,0.6931521392838473,9.953165135812014e-05,1.0,0.01128818467259407,11.866666793823242,,,,,,,
6156,0.1916692703962326,0.012348362244665623,0.08737730234861374,1.2441871166229248,17299,0.9185185432434082,1.0,0.6000000238418579,0.7243499046832262,9.952858090400696e-05,1.0,0.0005136727122589946,10.399999618530273,,,,,,,
6163,0.22043780982494354,0.01280549168586731,0.07071767747402191,1.644091248512268,17349,0.7818930149078369,0.0,0.0,0.7117204198377449,9.952549589797854e-05,1.0,0.003231317736208439,16.0,,,,,,,
6170,0.06352430582046509,0.011832554824650288,0.0037158869672566652,0.4226605296134949,17399,0.8877665996551514,1.0,0.5454545617103577,0.684980551311828,9.952240361599252e-05,0.9090909361839294,0.012423809617757797,11.727272987365723,,,,,,,
6177,0.2245778739452362,0.01208092924207449,0.04181976988911629,1.404442310333252,17449,0.809005081653595,1.0,0.3529411852359772,0.7002903000737264,9.951930405804887e-05,1.0,0.0017991220811381936,12.882352828979492,,,,,,,
6184,0.44555798172950745,0.016414793208241463,0.1430150270462036,2.8465893268585205,17499,0.7764060497283936,1.0,0.2222222238779068,0.7155109920780263,9.951619722414762e-05,1.0,0.0004854384169448167,13.0,,,,,,,
6192,0.43052390217781067,0.027328355237841606,0.03970926254987717,1.7838233709335327,17549,0.8328584432601929,1.0,0.4615384638309479,0.7720197121503705,9.951307583833113e-05,1.0,0.007479668594896793,11.230769157409668,,,,,,,
6199,0.07570067793130875,0.013450662605464458,0.002506323391571641,0.4680544435977936,17599,0.8024691343307495,1.0,0.5,0.7389964035407393,9.950993990059942e-05,1.0,0.0011124128941446543,10.75,,,,,,,
6199,,,,,17604,,,,,,,,,0.7621585726737976,0.25970643758773804,0.5689429044723511,0.571227490901947,0.9992897510528564,0.004569173324853182,16.0
6206,0.12349031120538712,0.014087498188018799,0.02807924896478653,0.8003038763999939,17649,0.7971781492233276,1.0,0.4285714328289032,0.7005780696959258,9.950680396286771e-05,1.0,0.029913878068327904,10.714285850524902,,,,,,,
6213,0.20262177288532257,0.012199880555272102,0.08685843646526337,1.2202898263931274,17699,0.8024690747261047,1.0,0.3333333432674408,0.7272130739909717,9.950364619726315e-05,1.0,0.005139311775565147,14.0,,,,,,,
6220,0.1519860476255417,0.014472992159426212,0.08543387055397034,1.030434250831604,17749,0.7991020679473877,1.0,0.3636363744735718,0.6876901151044057,9.95004884316586e-05,1.0,0.002207225188612938,11.636363983154297,,,,,,,
6227,0.06583575904369354,0.012638203799724579,0.0062987613491714,0.43754446506500244,17799,0.7989417910575867,1.0,0.3571428656578064,0.67850129465193,9.949731611413881e-05,1.0,0.029354844242334366,14.428571701049805,,,,,,,
6234,0.07269951701164246,0.012215572409331799,0.005953815765678883,0.45109933614730835,17849,0.8191721439361572,1.0,0.29411765933036804,0.6800207080736886,9.949413652066141e-05,1.0,0.00038747035432606936,13.352941513061523,,,,,,,
6242,0.083473339676857,0.013744788244366646,0.014055500738322735,0.5071741342544556,17899,0.8422496318817139,1.0,0.4444444477558136,0.7002485889471595,9.949094237526879e-05,1.0,0.0023172239307314157,11.222222328186035,,,,,,,
6249,0.23420339822769165,0.013721661642193794,0.08800158649682999,1.711759090423584,17949,0.8317900896072388,1.0,0.375,0.6960366978783525,9.948774095391855e-05,1.0,0.05257516726851463,13.875,,,,,,,
6256,0.2898637652397156,0.013777874410152435,0.058707498013973236,1.5426676273345947,17999,0.755829930305481,1.0,0.2222222238779068,0.726850993031743,9.948453225661069e-05,1.0,0.000484386517200619,13.222222328186035,,,,,,,
6263,0.27704161405563354,0.018489185720682144,0.06810279190540314,1.512352705001831,18049,0.8345679044723511,1.0,0.4000000059604645,0.7522821613254842,9.948130900738761e-05,1.0,0.004377113189548254,11.800000190734863,,,,,,,
6270,0.12783946096897125,0.013409646227955818,0.03691280633211136,0.6715965867042542,18099,0.7050754427909851,1.0,0.2222222238779068,0.705444695485367,9.947807848220691e-05,1.0,0.001024966943077743,13.11111068725586,,,,,,,
6277,0.1222761943936348,0.016808897256851196,0.09144926816225052,0.6819736361503601,18149,0.9382716417312622,1.0,0.75,0.7106560719730991,9.94748406810686e-05,1.0,0.0012974627315998077,10.0,,,,,,,
6284,0.2211005687713623,0.013002755120396614,0.08599090576171875,1.2651245594024658,18199,0.7742504477500916,1.0,0.2857142984867096,0.7170827489564682,9.947158832801506e-05,1.0,0.0013875922886654735,15.428571701049805,,,,,,,
6292,0.14113189280033112,0.015597903169691563,0.014257117174565792,0.6856459379196167,18249,0.7389770150184631,1.0,0.2857142984867096,0.7509780123259346,9.94683286990039e-05,1.0,0.002520931651815772,15.142857551574707,,,,,,,
6299,0.0763389989733696,0.014691995456814766,0.0034245862625539303,0.49645280838012695,18299,0.8271604776382446,1.0,0.4000000059604645,0.697667498153231,9.946505451807752e-05,1.0,0.001077823108062148,11.0,,,,,,,
6299,,,,,18304,,,,,,,,,0.7658734321594238,0.2670454680919647,0.563450276851654,0.5659649968147278,0.9997632503509521,0.00502968393266201,16.0
6306,0.07359776645898819,0.011625324375927448,0.0013893165159970522,0.46354028582572937,18349,0.7777777314186096,1.0,0.1818181872367859,0.689598873792959,9.946177306119353e-05,1.0,0.000365344894817099,13.909090995788574,,,,,,,
6313,0.30082476139068604,0.02205061912536621,0.08179065585136414,1.4906024932861328,18399,0.8847736716270447,1.0,0.6666666865348816,0.7082004126564457,9.945848432835191e-05,1.0,0.0024488072376698256,9.5,,,,,,,
6320,0.11349070072174072,0.012075452134013176,0.015114291571080685,0.552355170249939,18449,0.7336860299110413,0.0,0.0,0.7170641023030531,9.945518104359508e-05,1.0,0.00018917396664619446,16.0,,,,,,,
6327,0.2175818383693695,0.01669098436832428,0.082880899310112,1.3704938888549805,18499,0.7626886367797852,1.0,0.2222222238779068,0.6963285348400005,9.945187048288062e-05,1.0,0.0008063025306910276,15.11111068725586,,,,,,,
6334,0.071304552257061,0.015531894750893116,0.0031052157282829285,0.5041110515594482,18549,0.8161866068840027,1.0,0.3333333432674408,0.681304093271879,9.944855264620855e-05,1.0,0.07360470294952393,13.88888931274414,,,,,,,
6342,0.05888453125953674,0.012104535475373268,0.002763334894552827,0.40426358580589294,18599,0.8811728358268738,1.0,0.375,0.6859611873961097,9.944522025762126e-05,1.0,0.00037022383185103536,12.625,,,,,,,
6349,0.08118259906768799,0.014166878536343575,0.008999696932733059,0.4976695477962494,18649,0.7925925850868225,1.0,0.4000000059604645,0.6939751968559675,9.944188059307635e-05,1.0,0.003936689347028732,13.100000381469727,,,,,,,
6356,0.07024481147527695,0.013126594014465809,0.005200798157602549,0.45797455310821533,18699,0.7604938745498657,1.0,0.10000000149011612,0.7493786372091232,9.943852637661621e-05,1.0,0.00382245983928442,15.899999618530273,,,,,,,
6363,0.4005403220653534,0.014483710750937462,0.11105255782604218,2.174534797668457,18749,0.8888888359069824,1.0,0.5,0.6778569313716001,9.943517216015607e-05,1.0,0.018010912463068962,11.833333015441895,,,,,,,
6370,0.3534294664859772,0.020747311413288116,0.057732656598091125,2.706620454788208,18799,0.8148148655891418,1.0,0.4285714328289032,0.7215069330051281,9.943179611582309e-05,1.0,0.000726942322216928,12.428571701049805,,,,,,,
6377,0.128617525100708,0.017938140779733658,0.016605544835329056,0.7113666534423828,18849,0.7885802984237671,1.0,0.125,0.6920735377744538,9.942842007149011e-05,1.0,0.00038203844451345503,15.125,,,,,,,
6384,0.14216256141662598,0.020737241953611374,0.026712380349636078,0.7400615811347961,18899,0.8049383163452148,1.0,0.20000000298023224,0.7042387016215351,9.94250294752419e-05,1.0,0.02596651017665863,13.800000190734863,,,,,,,
6392,0.08423071354627609,0.01177246030420065,0.0010907219257205725,0.4346748888492584,18949,0.8317900896072388,1.0,0.25,0.6925733978988615,9.942162432707846e-05,1.0,0.00016446210793219507,13.75,,,,,,,
6399,0.06786524504423141,0.014530674554407597,0.0022204620763659477,0.3933050334453583,18999,0.80952388048172,1.0,0.1428571492433548,0.7200331342255193,9.941821917891502e-05,1.0,0.0005626704078167677,15.142857551574707,,,,,,,
6399,,,,,19004,,,,,,,,,0.76945960521698,0.2781723439693451,0.5568931698799133,0.5591517686843872,0.9997632503509521,0.004517304245382547,16.0
6400,0.29415589570999146,0.017254706472158432,0.09473167359828949,2.1132781505584717,19005,0.8052126169204712,1.0,0.2222222238779068,0.725241333787903,9.941780444933102e-05,0.8888888955116272,0.01742413081228733,13.11111068725586,,,,,,,
